metric,raw,clean,change
Captions (train sample + val),315840.0,315840.0,0.0
Tokens,3255424.0,3027430.0,-0.07003511677741517
Distinct words in train sample (types),25818.0,25365.0,-0.01754589821055078
Distinct words in ALL train captions,51200.0,48482.0,-0.0530859375
"Hapax share, ALL train",0.32310546875,0.30052390577946453,-0.06988913885579501
Type–token ratio,0.008353652854569174,0.008825113493081863,0.05643766226828726
Root TTR,14.685864271443712,14.961584266113714,0.01877451606345923
MTLD,131.3102517969235,153.88430174969625,0.17191384255118494
Hapax legomena (train sample),6646.0,6287.0,-0.054017454107733974
Hapax share of vocabulary,0.25741730575567434,0.24786122609895525,-0.03712291070977633
Dis legomena,2257.0,2215.0,-0.01860877270713336
Lemmas,17831.0,17138.0,-0.038864898210980874
Types per lemma,1.4479277662497896,1.4800443458980044,0.022181064827148423
Zipf slope,-0.9582685974839533,-0.9261094063645924,-0.033559683791995976
Heaps β,0.5547936728280282,0.5536576644873834,-0.002047623100771897
Heaps K,11.215264049191392,11.734297036593862,0.046279158932498954
Mean caption length (tokens),10.307193515704155,9.585328014184396,-0.07003511677741531
99th percentile length,26.0,24.0,-0.07692307692307693
Max length,49.0,48.0,-0.02040816326530612
Mean word length (chars),4.413114956720714,4.665693288947402,0.05723357191093271
Stopword share,0.36556598279182456,0.3896685111322031,0.0659320874341417
Types not dictionary words as written,2948.0,2156.0,-0.26865671641791045
Likely typo words,1199.0,1150.0,-0.0408673894912427
Vocabulary at min-freq 5 (train sample),14328.0,14310.0,-0.001256281407035176
Train coverage at min-freq 5,0.9935239615042141,0.9932307743693515,-0.00029509820217994817
Val OOV tokens (min-freq 1),0.002645631067961165,0.0027602678047061588,0.04333058306324527
Val OOV tokens (min-freq 5),0.00908373786407767,0.009625047309554572,0.059591046502734446
Val captions with ≥1 OOV (min-freq 5),0.08352272727272728,0.08257575757575758,-0.011337868480725613
Vocabulary overlap train/val (Jaccard),0.3992606989062917,0.40609117361784675,0.01710780632871209
Val captions with punctuation,0.5194444444444445,0.0,-1.0
Distinct characters (val),66.0,37.0,-0.4393939393939394
POS: nouns,0.36834189626481534,0.3954879284587499,0.07369792160275528
POS: verbs,0.10422518811765905,0.11376291513878878,0.09151076811070528
POS: adjectives,0.09083984649793082,0.09680738813844401,0.06569299564645478
Image: distinct sizes,3340.0,1.0,
Image: grayscale images,64.0,0.0,
Image: channel R mean,0.5238,0.1559,
Image: channel G mean,0.499,0.1597,
Image: channel B mean,0.4692,0.2265,
Image: channel R std,0.3088,1.1357,
Image: channel G std,0.3024,1.1436,
Image: channel B std,0.3145,1.127,
